FP1,FP2 (channel 2)
-142.7249958754971,-141.44002462982982
91.29352168792914,93.39187268422081
