FP1,FP2 (channel 2)
-157.22208215072266,-146.58168438915573
102.75497633739528,97.56252563495902
