FP1,FP2 (channel 2)
-187.92643862659114,-207.32343529204758
111.15138541028045,116.63983671558233
