FP1,FP2 (channel 2)
-174.0372268341968,-195.72361309955858
106.41699656135165,113.84725555298755
